<!-- [ Mirror metadata ] generatedAt: 1433609509225 -->
<!-- Generated screen file. Fill the id tags below with content with
which to populate your previewed layout. For a complete specification
of sample data, please see http://jimulabs.com/sample-data-specifications/ 

Valid attributes on <screen> tag: theme="@style/someTheme" inEditMode="false" overlay="@drawable/mockup" -->
<screen>
    <_content layout="@layout/chat_left">
        <!-- ImageView Examples:
        <avatar src="@drawable/image_resource" />
        <avatar src="relative_path/image.jpg" /> -->
        <avatar />
        <!-- TextView Examples:
        <text1 text="@string/string_resource" />
        <text1 text="Text literal" textSize="14sp" /> -->
        <text1 />
        <text2 />
    </_content>
</screen>
