<!-- [ Mirror metadata ] generatedAt: 1433609509427 -->
<!-- Generated screen file. Fill the id tags below with content with
which to populate your previewed layout. For a complete specification
of sample data, please see http://jimulabs.com/sample-data-specifications/ 

Valid attributes on <screen> tag: theme="@style/someTheme" inEditMode="false" overlay="@drawable/mockup" -->
<screen>
    <_content layout="@layout/chat_list">
        <!-- ImageView Examples:
        <contact_photo src="@drawable/image_resource" />
        <contact_photo src="relative_path/image.jpg" /> -->
        <contact_photo />
        <!-- TextView Examples:
        <contact_name text="@string/string_resource" />
        <contact_name text="Text literal" textSize="14sp" /> -->
        <contact_name />
        <message_count />
        <last_message />
        <message_time />
    </_content>
</screen>
